filename,xmin,ymin,xmax,ymax
100001,270,186,303,239
100001,37,176,123,256
100002,57,203,178,310
100003,267,151,317,203
100004,271,163,327,205
100005,123,115,292,359
100006,99,51,503,440
100007,278,233,329,281
100008,95,20,586,379
100009,186,282,245,340
100010,188,68,321,168
100010,123,157,184,214
100011,242,150,309,219
100012,249,102,300,159
100012,458,443,509,461
100013,338,212,449,291
100014,261,240,309,283
100015,290,207,339,259
100016,288,199,355,276
100017,308,217,342,251
100018,181,116,291,235
100019,302,178,424,248
100020,166,35,413,235
100021,234,180,309,258
100022,321,235,374,261
100023,341,203,434,259
100024,297,160,331,207
100025,339,211,450,291
100026,298,210,358,262
100027,276,187,305,235
100028,167,47,401,234
100029,301,137,345,184
100030,307,119,398,197
100031,272,218,350,307
100032,256,169,372,289
100033,347,202,427,255
100034,319,302,342,329
100035,235,128,363,285
100036,233,182,322,274
100037,198,192,315,311
100038,197,237,260,266
100038,422,135,471,196
100039,311,223,372,261
100040,114,137,318,325
100041,309,253,374,326
100042,215,145,260,199
100043,290,167,354,219
100044,169,131,202,163
100045,220,192,292,256
100046,321,226,399,289
100047,236,131,361,285
100048,111,89,363,257
100049,89,49,318,251
100050,258,166,372,290
100051,254,193,314,233
100051,334,220,393,261
100052,199,198,313,314
100053,310,185,359,231
100054,275,113,369,220
100055,235,169,377,289
100056,325,172,400,258
100057,251,148,475,310
100058,202,113,250,145
100059,238,185,293,240
100060,196,126,239,180
100061,327,133,378,204
100062,251,104,438,305
100063,203,49,460,305
100064,171,274,242,345
100065,290,211,333,275
100066,304,135,328,170
100067,71,128,159,224
100067,462,125,493,164
100068,273,138,309,199
100069,203,156,338,295
100070,378,237,422,273
100071,274,165,315,223
100072,195,153,339,300
100073,275,220,348,307
100074,306,177,397,256
100075,93,86,406,314
100076,121,95,438,330
100077,219,190,407,261
100078,203,129,374,256
100079,270,142,367,268
100080,237,159,403,292
100081,94,83,401,317
100082,181,195,282,253
100083,225,155,380,281
100084,283,187,391,268
100085,261,171,326,222
100086,178,81,303,212
100087,245,102,379,249
100088,300,179,393,271
100089,420,148,507,234
100090,300,77,425,218
100091,298,187,395,314
100092,295,164,396,219
100093,293,190,395,314
100094,303,213,487,345
100095,231,118,396,270
100096,122,90,436,325
100097,261,170,326,226
100098,217,19,370,326
100099,364,123,393,154
100099,365,182,435,261
100100,302,181,393,272
100101,245,156,314,197
100102,291,223,320,267
100103,126,185,284,309
100104,362,239,389,279
100105,285,211,406,265
100106,223,250,273,306
100107,275,133,380,201
100108,218,181,279,243
100109,250,142,395,347
100110,196,209,431,367
100111,297,133,313,155
100112,409,286,435,321
100112,320,265,382,309
100113,271,270,330,327
100113,370,188,416,232
100114,494,219,543,317
100115,309,136,461,299
100115,217,265,293,329
100116,325,10,414,99
100116,510,99,525,145
100117,377,231,434,282
100118,259,192,354,328
100118,285,91,378,168
100119,242,187,300,236
100120,283,225,318,249
100121,211,79,396,230
100122,282,189,441,296
100123,36,0,319,289
100124,439,232,482,282
100124,266,150,333,320
100125,145,69,382,305
100126,230,200,287,267
100126,176,170,221,213
100127,219,106,331,189
100128,328,130,402,204
100129,94,119,269,359
100130,336,52,426,141
100130,262,129,329,208
100131,165,300,203,349
100132,349,196,408,226
100133,114,120,381,313
100134,291,235,323,255
100135,164,156,288,247
100136,264,219,325,267
100137,210,222,263,261
100138,317,197,387,283
100139,336,112,466,270
100140,262,131,323,218
100141,263,171,365,262
100141,319,300,397,349
100142,210,138,406,289
100143,135,290,208,345
100143,219,220,297,276
100144,396,178,444,222
100145,308,252,343,307
100145,59,222,78,248
100146,238,160,349,315
100147,118,9,461,452
100148,249,141,344,265
100149,545,253,586,301
100149,382,305,406,323
100149,321,260,352,281
100149,138,203,174,255
100150,317,234,393,311
100150,163,40,195,79
100151,309,124,355,219
100152,329,282,366,306
100152,410,137,456,202
100153,450,183,487,199
100154,241,170,333,236
100155,256,151,494,395
100156,200,63,303,176
100156,279,222,407,330
100157,181,145,445,267
100158,168,127,403,325
100159,232,216,284,274
100160,140,201,447,267
100161,173,48,443,289
100162,265,161,338,204
100162,369,126,418,169
100163,308,68,412,182
100164,210,204,298,276
100165,271,146,366,285
100166,210,158,421,260
100167,284,198,377,297
100168,289,203,396,297
100169,286,219,340,254
100170,241,213,262,245
100171,247,161,324,265
100172,279,181,322,228
100173,332,165,397,239
100174,252,179,351,278
100175,254,246,323,288
100176,351,158,490,253
100176,592,223,639,268
100177,306,185,359,244
100178,211,211,308,292
100178,408,138,476,180
100179,276,209,362,276
100180,316,138,370,232
100181,384,178,435,236
100182,244,155,375,208
100183,314,193,364,263
100184,156,109,338,319
100185,233,152,276,219
100186,222,123,406,289
100187,111,52,390,204
100188,92,24,210,156
100189,275,195,371,303
100190,304,192,361,245
100191,257,172,346,287
100192,260,166,407,288
100193,222,166,409,305
100194,354,207,472,332
100194,231,179,328,323
100195,332,229,478,373
100195,226,199,322,345
100196,291,141,374,278
100197,364,149,462,255
100197,177,279,216,335
100198,304,259,382,344
100199,520,115,590,189
100199,195,208,261,282
100200,273,173,377,320
100201,328,87,503,257
100202,264,56,447,228
100203,334,141,394,203
100204,290,285,333,322
100205,16,341,91,416
100205,126,205,185,341
100206,227,146,334,223
100207,200,130,442,257
100208,225,81,341,271
100209,86,96,267,262
100210,271,54,315,287
100211,262,188,381,291
100212,360,246,426,352
100213,302,206,502,272
100214,288,187,361,422
100215,166,71,487,470
100216,242,189,303,268
100217,220,273,434,427
100218,263,222,298,248
100219,280,124,347,190
100220,239,129,270,163
100221,294,84,356,159
100222,233,108,470,264
100222,97,301,177,353
100223,248,151,400,225
100224,223,104,334,314
100225,272,154,431,301
100226,279,184,317,219
100227,267,198,347,241
100228,315,206,361,278
100229,206,130,347,261
100230,225,209,324,280
100231,314,135,420,222
100232,287,177,389,279
100233,244,129,343,401
100234,297,161,342,219
100235,202,188,378,363
100236,222,174,315,230
100237,223,94,404,278
100238,303,125,400,220
100239,244,214,354,322
100240,229,170,356,279
100241,322,131,537,314
100242,186,172,418,296
100243,195,196,406,316
100244,322,195,342,211
100244,218,268,379,325
100245,192,56,485,315
100246,309,214,356,242
100247,122,66,371,332
100248,102,32,528,340
100249,263,95,361,187
100249,235,316,482,391
100250,295,140,494,326
100250,165,181,253,275
100251,172,141,367,306
100252,303,214,341,258
100253,222,160,383,271
100254,355,88,467,176
100255,177,10,410,272
100256,320,244,348,278
100256,271,4,317,165
100257,197,200,354,295
100258,298,208,374,282
100259,292,136,382,287
100260,344,121,385,156
100261,350,285,383,318
100262,245,196,290,228
100262,178,347,247,396
100263,354,260,397,293
100263,140,160,343,303
100264,217,105,383,232
100265,268,86,316,158
100265,406,305,467,347
100266,205,164,242,196
100266,78,84,209,124
100267,263,198,394,294
100268,427,249,460,289
100269,272,241,334,275
100270,314,227,364,272
100271,208,180,483,309
100272,284,115,329,182
100273,308,184,409,288
100274,387,220,445,322
100275,182,32,443,260
100276,263,210,334,268
100276,172,125,196,153
100277,298,178,352,219
100277,388,189,425,222
100278,173,150,388,356
100279,220,70,395,277
100280,219,55,386,198
100281,154,54,442,258
100282,227,86,401,306
100283,86,29,316,186
100284,283,207,368,268
100285,170,193,355,374
100286,154,199,289,344
100287,264,171,357,274
100287,170,257,185,274
100288,195,106,425,330
100289,223,205,317,291
100290,77,87,238,239
100290,306,31,617,276
100291,186,119,454,275
100292,324,246,439,351
100292,237,206,278,231
100293,265,149,320,193
100294,364,102,451,202
100295,143,74,170,105
100296,149,78,325,278
100297,211,151,380,320
100298,318,209,417,273
100299,248,86,515,336
100300,135,0,472,305
100301,173,55,479,305
100302,221,111,398,305
100303,203,40,395,202
100304,186,168,404,370
100304,55,309,99,363
100305,275,105,350,141
100305,52,238,81,259
100306,282,154,379,276
100307,174,173,494,345
100308,254,134,316,200
100309,315,146,392,197
100309,235,170,265,215
100310,346,110,445,209
100311,168,143,380,274
100312,239,124,294,160
100313,115,121,502,286
100314,299,188,400,248
100315,206,181,295,237
100316,197,174,426,326
100317,288,222,401,317
100318,285,197,323,234
100319,64,0,495,282
100320,210,200,393,273
100321,70,0,604,309
100322,416,189,477,242
100323,323,191,385,305
100324,369,174,409,216
100325,372,155,426,221
100326,290,174,342,232
100327,279,225,305,246
100328,312,131,370,276
100329,263,119,313,181
100330,220,214,293,266
100331,289,225,321,264
100332,165,227,256,300
100333,206,140,328,245
100334,162,135,279,270
100334,405,116,532,240
100335,212,181,363,326
100335,74,225,126,274
100335,490,212,592,282
100336,246,60,386,198
100337,261,247,328,308
100338,252,211,363,300
100339,363,201,437,257
100340,250,234,318,294
100341,242,246,360,399
100342,173,129,314,301
100343,90,148,288,300
100343,362,196,434,301
100344,268,218,295,253
100345,272,175,344,223
100346,258,198,323,263
100347,388,225,438,290
100347,297,243,366,340
100348,311,139,429,255
100349,92,273,285,314
100350,216,159,521,350
100351,102,175,149,219
100351,344,147,374,168
100352,345,271,408,361
100353,266,221,396,320
100354,202,168,393,351
100355,306,156,398,287
100356,168,159,445,348
100357,229,174,321,260
100358,235,143,272,225
100359,313,209,374,262
100360,274,264,335,317
100361,390,234,419,268
100362,308,78,618,327
100362,121,133,229,241
100363,311,72,346,116
100363,288,183,350,218
100364,300,265,325,304
100365,271,197,383,288
100366,206,216,460,364
100366,157,1,390,141
100367,319,178,372,271
100368,174,119,370,294
100369,161,126,371,319
100370,245,189,347,280
100370,179,156,240,252
100371,359,118,447,186
100372,192,150,304,232
100373,312,165,418,276
100373,179,203,261,269
100374,165,97,442,284
100375,182,75,450,324
100376,250,125,464,336
100377,257,108,419,217
100378,119,300,274,401
100378,267,82,385,166
100379,293,202,389,312
100379,168,202,215,255
100380,289,180,349,241
100381,351,188,442,260
100382,176,84,417,328
100383,47,106,127,154
100383,203,42,378,149
100384,331,185,366,212
100385,83,21,512,261
100386,175,57,502,323
100387,242,153,363,293
100388,138,113,388,346
100389,257,165,346,294
100390,273,174,348,229
100391,125,142,288,286
100391,370,184,396,257
100392,162,138,411,278
100393,236,171,317,281
100394,288,126,320,161
100395,291,222,320,253
100396,299,167,360,209
100397,302,191,382,248
100398,164,176,492,298
100399,222,196,266,265
100400,276,132,368,260
100400,233,210,273,357
100401,192,134,506,309
100402,390,230,429,262
100402,83,208,137,246
100403,249,238,389,353
100404,153,46,547,375
100405,315,247,349,287
100406,298,215,365,282
100407,321,211,405,286
100408,295,193,350,257
100409,353,205,409,275
100410,318,215,380,288
100411,275,182,335,228
100412,298,189,366,266
100413,300,137,405,247
100414,289,185,360,262
100415,272,83,376,188
100415,130,118,167,220
100416,315,162,345,205
100417,272,246,344,302
100418,206,215,306,294
100419,319,185,346,217
100420,294,239,324,266
100421,334,272,399,321
100422,268,206,357,280
100423,346,152,443,256
100424,316,262,456,307
100425,216,169,372,232
100426,353,222,371,239
100427,290,249,344,310
100428,216,102,370,262
100429,265,204,378,297
100430,330,217,448,327
100431,347,141,410,257
100432,284,174,346,268
100432,381,224,417,259
100433,259,178,344,232
100433,374,289,417,307
100433,266,267,331,315
100434,262,206,297,244
100435,291,227,306,241
100436,292,178,346,247
100437,296,114,342,152
100438,271,203,297,229
100439,236,169,261,212
100440,301,172,333,200
100441,271,183,419,297
100442,69,276,151,368
100442,281,306,346,370
100443,232,97,302,198
100444,99,66,377,198
100445,135,221,222,295
100445,290,187,453,325
100446,253,141,351,290
100446,388,182,427,248
100446,152,206,197,256
100447,186,205,293,294
100447,298,133,405,240
100448,252,194,309,262
100448,355,186,400,257
100449,239,43,397,233
100450,252,163,368,300
100451,252,97,307,203
100452,341,96,376,145
100452,203,154,221,189
100452,285,390,319,458
100452,502,121,557,216
100453,247,140,425,307
100454,260,148,426,325
100455,260,170,306,213
100456,172,74,218,113
100456,178,135,214,168
100457,388,309,425,332
100457,344,79,359,99
100457,314,189,382,244
100458,0,233,361,328
100459,163,167,246,219
100459,338,320,425,366
100460,270,176,425,259
100461,319,184,352,229
100461,131,153,171,185
100461,425,279,458,353
100461,126,400,158,473
100462,61,192,101,264
100462,311,173,442,303
100463,255,159,348,260
100464,225,162,323,225
100465,193,156,462,276
100466,316,157,372,217
100467,121,37,452,325
100468,298,105,388,224
100469,157,57,437,390
100470,260,55,389,255
100471,99,262,500,444
100472,141,0,580,369
100473,295,231,344,269
100474,317,237,411,313
100475,373,156,404,184
100475,109,170,216,274
100476,342,223,404,279
100477,356,160,421,224
100478,270,204,319,235
100479,329,230,388,274
100479,211,190,254,221
100480,252,196,427,338
100481,252,62,443,219
100482,161,113,272,257
100483,319,178,385,268
100483,44,29,225,173
100484,256,154,360,223
100485,264,270,333,342
100486,347,231,409,296
100487,304,35,469,319
100488,288,132,341,198
100488,216,195,261,240
100489,259,103,406,285
100490,277,49,341,211
100491,257,246,288,267
100491,198,279,215,290
100492,36,206,74,240
100492,483,283,514,308
100492,530,174,564,230
100493,323,204,378,259
100494,376,180,428,241
100494,182,150,208,169
100494,228,153,265,184
100495,224,166,330,246
100496,313,97,530,290
100497,302,158,373,215
100497,564,251,628,321
100498,256,172,336,271
100499,345,207,384,275
100499,283,198,315,226
100500,301,172,384,260
100501,246,94,346,212
100502,282,174,354,262
100503,332,180,383,221
100503,260,228,282,251
100504,314,207,377,244
100505,288,187,347,244
100506,247,237,300,257
100507,276,201,333,295
100508,302,235,337,268
100509,231,190,409,339
100510,317,239,412,312
100511,107,169,219,274
100511,374,152,405,184
100512,344,222,411,275
100513,356,161,420,222
100514,268,198,334,247
100515,332,230,393,277
100515,210,190,256,223
100516,244,193,433,342
100517,230,62,443,220
100518,161,114,271,258
100519,267,275,332,342
100520,304,35,463,322
100521,304,177,332,211
100522,246,143,373,260
100523,160,168,368,358
100524,68,150,208,268
100525,218,75,270,131
100526,306,211,384,292
100527,270,236,333,320
100527,514,162,575,218
100528,268,106,350,379
100529,161,70,477,344
100530,259,211,371,256
100531,342,244,361,273
100532,324,243,357,266
100533,203,159,280,262
100534,254,204,380,350
100535,286,163,404,259
100536,314,241,351,271
100537,368,203,446,321
100537,148,170,176,206
100538,254,227,369,314
100539,368,176,418,249
100540,252,236,300,291
100541,302,151,360,204
100542,231,231,274,268
100543,63,16,425,235
100544,132,170,466,304
100545,291,338,317,360
100545,170,8,230,42
100545,346,29,453,163
100545,336,204,415,277
100546,170,132,450,296
100547,170,154,292,292
100548,271,86,421,266
100549,347,184,457,341
100550,336,299,365,320
100551,311,260,342,277
100552,225,229,325,268
100553,311,175,371,216
100554,197,148,274,262
100555,232,170,338,336
100556,266,205,325,276
100557,309,151,411,268
100558,443,16,553,146
100558,317,10,409,158
100559,7,83,195,256
100560,249,163,394,300
100561,237,112,441,244
100562,190,177,312,315
100563,323,205,361,239
100564,246,70,409,268
100565,391,112,561,252
100565,229,147,309,202
100566,260,211,339,328
100567,340,232,381,272
100568,331,200,385,260
100568,246,165,279,211
100569,169,108,292,248
100569,406,116,470,155
100569,373,198,427,248
100570,217,301,262,348
100570,398,156,548,324
100571,306,222,485,261
100572,213,302,281,354
100572,485,87,524,138
100573,275,97,370,192
100574,319,396,397,428
100575,216,249,332,371
100576,406,326,432,348
100576,281,196,305,226
100577,314,121,369,180
100577,266,319,308,363
100578,319,203,365,268
100579,246,284,345,424
100579,361,233,475,379
100580,307,176,383,283
100581,380,368,409,414
100581,270,289,350,364
100582,226,170,384,265
100583,340,270,365,299
100584,294,281,324,317
100584,413,129,440,150
100585,315,147,376,176
100585,232,131,300,237
100586,216,68,298,325
100587,147,263,239,336
100587,438,86,492,151
100588,282,309,332,334
100589,212,180,342,290
100590,269,130,382,195
100591,188,138,371,322
100592,230,48,539,298
100593,304,186,367,305
100594,194,208,283,301
100595,251,97,410,290
100596,232,132,403,309
100597,232,127,419,308
100598,217,195,314,298
100599,290,270,356,327
100600,351,101,412,178
100601,265,187,354,279
100602,255,206,313,261
100603,366,225,462,297
100603,281,102,340,158
100604,316,198,355,241
100605,248,230,337,300
100606,292,225,333,311
100607,374,312,395,336
100607,305,391,324,406
100607,257,218,291,255
100608,294,220,311,242
100609,217,77,284,123
100609,327,57,358,111
100610,314,84,451,293
100611,206,235,238,280
100611,266,214,297,228
100612,308,183,348,218
100612,416,243,456,317
100613,259,156,390,301
100614,333,5,522,222
100615,298,168,375,245
100616,345,244,439,295
100617,215,188,388,311
100618,282,168,392,292
100619,277,102,435,279
100620,361,208,519,319
100620,195,53,309,280
100621,257,123,335,189
100622,201,29,532,262
100623,214,174,372,253
100624,283,53,362,121
100624,102,221,182,279
100625,185,84,432,241
100626,20,148,271,304
100627,177,26,344,136
100627,113,146,185,205
100628,233,191,418,302
100628,184,289,229,321
100629,166,203,461,389
100630,304,169,390,292
100631,289,125,350,194
100631,300,238,360,322
100631,228,62,267,166
100632,244,173,322,241
100632,128,322,188,371
100633,287,214,367,284
100633,218,270,243,292
100634,284,226,362,307
100634,211,1,471,93
100635,278,212,408,344
100636,307,201,344,241
100636,354,249,429,310
100637,294,149,427,283
100638,262,321,330,380
100638,253,61,308,141
100639,351,222,392,265
100640,255,251,316,302
100640,309,110,348,148
100641,219,119,309,206
100642,218,204,434,315
100643,276,208,382,270
100644,264,219,307,287
100645,404,60,479,133
100646,374,210,404,235
100647,312,68,384,265
100648,159,161,339,367
100649,120,195,233,298
100649,293,220,343,244
100650,145,234,220,276
100650,318,130,545,316
100651,153,118,244,193
100652,120,136,428,322
100653,347,252,450,321
100654,347,139,401,222
100655,222,154,403,279
100656,177,190,506,245
100657,302,187,363,249
100658,261,132,409,237
100659,367,252,453,347
100660,294,209,366,314
100660,144,151,290,278
100661,250,125,387,265
100662,210,117,322,229
100663,296,233,358,280
100664,237,244,282,286
100665,154,103,532,378
100666,316,91,372,134
100667,261,216,368,265
100667,422,282,458,324
100668,285,169,369,246
100669,265,240,292,284
100670,263,104,307,140
100671,400,144,448,224
100672,262,247,392,301
100673,206,198,336,261
100674,347,0,434,82
100674,340,228,399,254
100675,276,197,338,281
100676,242,244,307,273
100677,344,221,385,271
100678,318,199,422,329
100679,275,212,324,267
100680,210,169,252,224
100681,83,105,472,393
100682,294,173,426,311
100682,364,70,447,134
100683,358,92,465,196
100684,219,188,305,249
100685,293,257,332,306
100686,233,249,290,332
100687,290,199,340,254
100688,303,225,364,280
100688,240,209,290,284
100689,218,0,291,62
100690,198,50,285,143
100691,140,180,243,276
100691,255,140,338,189
100692,69,59,279,170
100693,253,0,377,362
100694,198,201,301,249
100694,116,12,220,75
100695,282,240,323,287
100695,369,182,435,234
100696,402,298,472,358
100696,315,281,350,312
100696,320,237,358,273
100696,138,48,310,165
100697,288,250,331,272
100697,371,225,409,252
100697,404,325,502,450
100698,279,217,334,252
100699,246,167,337,246
100699,147,289,194,333
100700,285,99,420,235
100700,183,141,255,300
100701,381,108,550,242
100702,486,198,502,214
100702,305,185,358,235
100703,345,217,385,248
100704,90,181,131,230
100704,250,119,334,158
100704,256,220,393,286
100704,315,174,361,192
100705,248,229,281,268
100705,252,163,287,195
100705,384,264,443,301
100706,89,94,439,272
100707,325,171,427,254
100707,241,268,297,309
100708,345,158,404,260
100709,325,175,371,202
100709,392,17,411,58
100710,238,86,364,342
100711,351,115,402,171
100711,252,141,288,220
100711,418,114,473,172
100712,189,127,396,283
100712,407,81,465,216
100713,308,235,397,342
100714,511,234,546,253
100714,204,164,225,201
100715,305,179,376,236
100716,298,168,342,233
100717,350,200,508,244
100718,297,84,422,241
100718,222,138,269,193
100719,294,181,330,212
100720,287,198,355,291
100721,393,138,478,205
100722,288,201,316,238
100723,266,186,294,212
100724,259,146,354,277
100725,272,218,348,287
100726,243,108,438,269
100727,191,182,255,229
100728,329,208,389,264
100729,241,48,398,235
100730,172,159,315,295
100731,200,186,220,208
100732,246,203,363,324
100732,176,272,210,297
100733,326,143,425,358
100734,306,155,409,289
100735,386,121,412,155
100736,354,282,418,335
100736,312,79,354,130
100737,38,34,288,277
100738,341,200,427,276
100738,294,150,365,196
100739,100,195,225,276
100739,35,42,135,95
100739,201,72,246,110
100740,352,28,499,218
100741,301,198,366,256
100742,301,171,360,236
100743,211,119,348,194
100744,258,180,464,316
100744,527,292,559,323
100745,44,55,405,222
100746,282,135,363,181
100747,140,59,469,282
100748,371,186,404,212
100748,406,278,453,317
100749,475,168,535,224
100749,242,154,280,206
100750,355,270,425,352
100750,502,88,548,135
100750,2,147,108,332
100751,285,232,349,295
100752,183,150,265,237
100752,259,24,339,129
100753,238,324,267,356
100753,358,190,417,226
100754,333,178,371,254
100755,52,108,375,289
100756,271,57,436,324
100757,173,27,382,307
100758,214,242,245,270
100758,383,141,423,181
100759,328,256,355,282
100760,261,190,362,265
100761,354,172,424,222
100762,103,228,216,346
100763,154,144,211,193
100763,98,242,165,309
100763,368,0,535,238
100764,325,73,596,284
100764,135,171,212,216
100765,160,167,357,339
100766,250,45,507,288
100767,388,128,532,176
100768,40,100,451,291
100769,355,124,502,267
100770,278,0,632,255
100771,113,40,436,413
100772,178,189,314,366
100773,308,192,478,301
100774,225,183,385,257
100775,244,161,338,255
100776,302,145,361,188
100777,127,130,518,328
100778,32,189,336,359
100779,336,158,452,244
100780,212,152,259,197
100781,256,159,314,228
100781,224,379,283,419
100782,305,205,348,287
100783,337,130,378,167
100784,304,181,351,218
100785,233,177,372,306
100786,165,151,319,255
100787,397,204,451,266
100788,138,151,566,334
100789,123,239,267,382
100790,308,210,352,281
100791,326,157,369,228
100792,348,372,397,412
100793,304,196,392,281
100794,308,188,373,256
100795,206,149,320,234
100796,307,188,361,235
100797,323,214,354,248
100798,361,174,455,281
100799,238,206,314,266
100800,182,154,262,221
100801,344,226,440,261
100802,345,254,453,312
100803,201,124,408,302
100804,263,255,330,304
100804,144,229,167,245
100805,247,246,287,279
100806,308,74,470,241
100807,170,261,503,334
100807,169,223,209,257
100808,341,145,411,225
100809,236,132,420,291
100810,312,164,361,272
100811,255,222,301,278
100811,184,292,253,375
100812,246,144,292,219
100813,218,156,373,276
100814,284,206,371,288
100815,240,236,309,296
100816,270,121,434,284
100817,232,189,400,303
100818,170,93,469,326
100819,152,0,463,358
100820,150,280,265,336
100821,282,118,361,216
100822,152,184,350,345
100823,375,136,539,338
100824,337,166,402,225
100825,278,218,319,260
100826,184,196,403,301
100827,301,69,458,280
100828,312,222,351,281
100828,118,252,140,270
100829,210,121,306,164
100830,281,228,543,312
100830,98,314,226,408
100831,248,172,298,220
100832,413,153,521,290
100833,242,196,355,285
100834,253,153,345,242
100835,278,139,382,397
100836,283,114,374,222
100837,337,241,364,272
100838,289,108,455,257
100838,231,37,296,102
100839,231,6,384,390
100840,294,112,399,249
100841,275,156,336,219
100842,196,170,361,397
100843,314,148,351,182
100843,388,223,488,291
100844,300,206,352,254
100845,347,89,440,201
100846,317,156,381,278
100847,292,94,342,182
100847,239,215,313,273
100848,322,214,386,255
100849,366,124,402,148
100850,338,128,439,273
100850,159,206,241,281
100851,272,86,463,239
100852,229,187,340,285
100852,130,132,182,180
100853,246,188,290,225
100854,276,201,416,292
100854,75,135,192,212
100855,173,198,210,227
100856,436,182,524,320
100856,178,162,265,251
100856,135,160,168,206
100857,453,165,491,206
100857,178,105,210,145
100858,256,248,497,371
100859,289,179,345,230
100860,446,160,484,184
100860,129,163,145,178
100861,231,248,272,300
100861,232,144,262,164
100862,258,172,303,216
100863,257,213,289,272
100864,313,226,350,285
100865,278,137,460,250
100866,296,178,449,337
100867,214,173,312,281
100868,222,85,437,239
100869,295,214,374,341
100869,312,18,368,122
100870,200,187,313,297
100870,151,2,241,94
100871,235,192,361,234
100871,334,67,414,94
100872,205,85,260,135
100872,320,112,337,127
100873,175,0,405,300
100874,278,257,344,315
100875,206,87,393,214
100876,245,80,572,388
100877,361,147,495,323
100878,252,168,404,328
100879,193,99,305,202
100880,212,147,268,209
100881,356,129,386,220
100882,362,223,404,272
100883,308,290,393,336
100884,200,292,308,369
100885,108,70,420,317
100886,306,209,371,290
100887,126,143,406,349
100888,246,286,327,327
100888,396,38,431,75
100888,261,136,289,163
100889,186,120,280,264
100890,333,209,394,355
100891,313,173,387,292
100892,202,178,278,311
100892,282,91,384,194
100893,280,8,447,435
100894,141,99,331,269
100894,134,0,219,55
100895,201,95,341,262
100896,257,107,384,340
100897,304,141,366,211
100898,291,203,376,274
100899,219,361,234,378
100900,229,151,398,303
100901,345,156,412,217
100901,485,63,556,136
100902,250,139,371,274
100903,252,112,412,279
100904,247,103,434,306
100905,270,200,309,249
100906,214,249,298,281
100907,260,183,383,289
100908,119,148,184,235
100908,132,377,229,478
100909,231,156,342,337
100910,301,180,344,235
100911,256,124,360,228
100912,312,103,425,185
100913,196,143,406,259
100914,253,245,365,340
100915,231,189,274,231
100916,248,189,402,279
100917,215,323,244,353
100917,298,213,458,295
100918,163,183,239,258
100918,413,126,475,200
100919,275,212,397,287
100919,116,85,182,177
100920,315,236,396,273
100921,302,84,425,205
100922,312,206,415,308
100923,247,151,374,319
100924,265,214,336,271
100925,385,215,421,249
100925,241,202,282,239
100926,284,121,427,329
100927,132,70,439,329
100928,322,227,419,305
100929,288,167,375,236
100930,322,128,423,238
100931,212,100,336,297
100932,392,204,417,228
100932,175,146,204,181
100933,388,203,434,243
100934,306,200,362,274
100935,396,207,410,224
100936,220,229,324,287
100936,341,223,361,237
100936,218,316,234,361
100937,397,239,428,271
100938,299,180,338,235
100938,372,179,400,254
100939,260,325,280,358
100939,348,193,409,278
100939,317,189,343,225
100940,314,177,390,292
100941,372,205,408,244
100942,298,173,358,202
100942,337,318,421,344
100943,354,150,409,212
100944,295,219,359,278
100945,258,181,303,220
100946,359,152,380,172
100946,364,113,402,141
100946,0,23,41,126
100947,288,187,363,276
100948,292,198,355,268
100949,124,124,252,202
100949,324,183,439,233
100950,274,235,431,322
100951,147,246,176,280
100951,18,182,37,196
100951,471,208,516,231
100952,152,113,324,300
100953,170,249,372,392
100954,316,142,415,247
100954,180,291,238,339
100955,229,165,355,292
100956,176,219,216,262
100956,225,235,271,261
100956,202,161,235,187
100957,211,235,266,287
100957,173,184,212,228
100958,302,161,334,236
100958,232,127,289,244
100959,198,171,268,246
100959,217,284,294,327
100959,146,348,284,392
100960,140,24,568,352
100961,274,115,436,357
100962,138,41,443,404
100963,121,8,461,400
100964,288,165,342,279
100964,191,156,247,192
100965,203,34,582,349
100966,287,252,345,289
100967,256,129,343,186
100968,385,233,429,267
100969,317,233,433,306
100970,284,123,425,244
100971,362,117,440,267
100971,231,92,358,170
100972,288,232,322,259
100973,260,44,347,106
100974,201,51,490,344
100975,315,92,437,339
100976,105,178,366,342
100977,298,215,336,257
100978,231,165,285,217
100979,331,210,373,245
100980,268,211,332,268
100981,352,201,541,327
100982,261,105,376,284
100983,260,116,321,159
100984,264,202,353,302
100985,306,214,362,270
100986,231,242,320,303
100987,252,216,323,256
100988,306,218,372,270
100989,314,110,419,165
100990,300,221,386,296
100991,344,91,457,228
100992,268,236,327,288
100992,176,233,226,281
100993,291,148,387,252
100994,340,221,383,236
100995,120,218,173,257
100995,294,155,335,194
100996,349,191,458,297
100996,289,206,323,238
100997,248,64,374,275
100998,208,199,358,328
100999,216,139,337,268
101000,246,139,315,204
101001,233,250,298,292
101002,299,146,358,235
101003,314,185,352,238
101004,328,198,419,285
101005,221,148,298,209
101006,262,167,337,244
101007,358,34,400,126
101008,343,169,397,247
101009,215,174,321,246
101010,269,174,357,254
101011,247,135,322,301
101012,285,37,376,127
101012,195,32,228,73
101013,221,150,303,198
101014,281,201,337,238
101015,323,257,338,269
101016,314,224,362,263
101017,257,168,331,244
101018,288,256,340,289
101019,291,172,317,196
101020,293,188,363,226
101021,279,161,349,233
101022,250,131,302,183
101022,267,245,291,322
101023,307,236,366,260
101024,314,188,344,220
101025,472,322,550,371
101025,280,217,338,321
101026,127,198,309,290
101026,116,333,359,421
101027,185,1,423,124
101027,109,77,154,104
101028,300,203,352,276
101029,248,155,382,298
101030,441,154,489,212
101030,188,200,225,238
101031,198,228,305,302
101032,278,228,355,296
101033,372,34,519,129
101033,219,172,315,247
101034,223,174,407,303
101035,319,146,365,219
101035,179,230,204,261
101036,248,117,376,275
101037,271,138,331,207
101038,242,167,336,279
101039,364,284,400,326
101040,241,234,280,279
101041,236,204,284,253
101042,259,150,313,191
101043,248,188,292,264
101043,228,198,242,218
101043,200,280,265,308
101044,247,172,338,240
101045,251,69,545,313
101046,135,54,293,244
101047,301,193,507,279
101048,125,194,280,296
101049,204,125,336,272
101050,349,162,416,228
101051,307,206,397,314
101051,464,219,506,259
101051,373,326,415,371
101052,372,211,523,400
101052,337,206,370,320
101052,467,439,549,480
101053,426,112,505,194
101054,255,116,375,277
101055,272,150,332,206
101056,242,180,320,280
101057,363,278,399,327
101058,241,234,277,278
101059,234,201,284,252
101060,267,150,313,189
101061,286,185,314,220
101062,255,292,301,334
101062,427,189,488,232
101063,341,69,364,97
101063,409,183,426,202
101063,239,102,256,119
101064,331,224,397,286
101065,323,201,351,250
101066,285,238,322,288
101067,233,153,362,283
101068,296,173,389,248
101069,283,94,342,146
101070,246,122,367,184
101070,403,26,475,91
101071,160,287,265,376
101071,465,201,536,255
101072,418,118,508,165
101073,289,203,349,252
101073,216,53,263,84
101073,212,254,314,319
101074,226,154,359,265
101074,150,135,205,190
101075,308,239,502,297
101076,250,159,362,253
101077,326,175,451,292
101078,299,237,361,299
101079,237,123,377,278
101080,247,107,376,249
101081,315,166,356,217
101081,23,158,80,205
101082,276,161,354,249
101083,250,214,311,270
101084,313,233,360,281
101085,321,134,428,216
101086,231,143,328,220
101087,285,203,312,228
101088,234,69,347,233
101089,334,150,418,255
101090,219,111,361,274
101091,249,124,320,179
101091,352,135,423,160
101092,174,209,255,265
101092,148,143,190,164
101093,266,48,388,334
101094,274,285,347,352
101094,189,31,289,124
101095,206,79,388,226
101096,256,135,451,290
101097,265,61,411,274
101098,217,121,553,303
101099,191,62,337,216
101100,295,136,441,309
101101,244,218,413,372
101102,292,232,343,275
101103,291,204,351,241
101104,297,223,335,255
101105,232,241,301,333
101105,290,54,352,193
101106,216,154,290,251
101106,288,84,308,124
101107,261,202,306,251
101108,271,224,316,273
101109,280,225,363,310
101110,252,147,346,223
101111,244,174,323,250
101112,303,220,389,305
101113,245,228,324,287
101114,298,196,342,233
101115,234,258,298,340
101115,327,191,344,211
101116,194,86,288,284
101117,333,158,413,219
101118,258,238,342,280
101119,298,218,332,253
101120,188,67,393,260
101120,502,377,529,404
101121,72,110,603,320
101122,429,35,567,126
101122,2,8,46,119
101123,204,135,251,186
101124,252,241,324,294
101125,336,63,469,156
101125,218,94,308,157
101126,254,119,348,218
101127,328,227,457,337
101128,389,307,428,337
101128,30,271,124,341
101129,247,31,540,370
101130,280,170,372,222
101131,329,166,386,206
101132,270,182,326,233
101133,497,177,560,220
101133,108,153,166,196
101134,313,228,363,268
101135,364,216,445,318
101136,186,142,348,273
101137,268,227,292,248
101138,202,211,256,241
101139,187,48,575,399
101140,291,143,364,227
101141,67,154,322,277
101142,216,41,459,314
101143,229,131,457,355
101144,221,257,374,409
101145,338,178,552,303
101146,214,213,324,285
101147,278,190,400,249
101148,264,151,324,208
101149,208,105,306,198
101150,151,110,287,230
101151,205,124,398,308
101152,324,218,393,274
101153,206,200,276,255
101154,290,134,446,311
101155,293,211,333,251
101156,302,187,378,278
101157,172,225,275,284
101158,277,165,386,233
101159,290,144,360,215
101160,309,200,371,294
101161,294,241,376,305
101162,257,220,326,288
101163,319,135,397,189
101164,280,136,443,290
101165,301,223,358,262
101166,339,284,383,318
101166,414,122,442,145
101167,155,209,297,325
101168,292,192,329,230
101169,304,192,363,240
101170,303,187,432,300
101171,315,214,344,249
101172,211,156,322,297
101173,243,141,374,296
101174,230,0,353,308
101174,221,336,391,464
101175,279,295,306,318
101176,119,46,361,234
101177,224,89,457,378
101178,189,219,298,291
101179,398,158,426,186
101179,300,214,322,234
101180,236,204,325,302
101181,288,235,358,277
101182,296,153,332,189
101183,1,121,557,282
101184,250,56,430,250
101185,433,117,481,177
101185,146,56,176,97
101186,279,292,334,369
101187,274,146,335,185
101188,253,108,332,214
101189,379,204,423,256
101190,278,117,401,269
101191,206,80,265,197
101192,252,159,433,260
101193,246,62,468,267
101194,391,151,494,219
101195,287,111,451,359
101196,363,84,412,145
101197,241,206,282,250
101198,287,83,442,207
101199,252,184,400,324
101200,186,301,241,369
101201,240,85,373,233
101202,316,161,360,217
101203,239,184,340,268
101204,359,158,392,206
101204,260,142,310,189
101205,288,200,356,302
101206,198,209,255,237
101207,147,200,182,262
101207,399,153,444,236
101208,234,270,260,299
101209,205,206,268,289
101210,344,108,413,178
101211,156,130,539,298
101212,311,91,413,165
101213,319,158,359,203
101214,280,206,380,287
101215,294,199,345,244
101216,264,74,504,299
101217,418,132,587,308
101217,66,148,306,226
101218,231,142,434,340
101219,261,68,401,262
101220,261,186,410,288
101221,202,197,398,331
101222,364,319,415,371
101222,298,28,352,73
101223,282,215,383,285
101224,392,144,482,271
101225,221,161,372,283
101226,229,246,342,359
101226,318,65,394,92
101227,300,108,397,187
101227,332,339,366,363
101228,97,45,236,180
101229,250,176,299,206
101229,401,138,431,161
101230,234,177,274,211
101231,188,148,226,182
101232,242,198,294,234
101233,266,222,334,268
101234,267,173,472,310
101235,202,176,278,220
101236,310,131,370,209
101237,323,314,362,348
101238,200,230,284,324
101239,108,306,146,345
101240,282,109,379,296
101241,341,113,436,221
101242,161,160,452,246
101243,195,109,381,312
101244,233,167,366,330
101245,257,183,361,271
101246,62,42,455,255
101247,195,178,404,316
101248,352,170,437,255
101249,278,198,348,290
101250,174,184,242,244
101251,320,206,383,275
101252,194,164,252,222
101252,437,158,472,209
101253,300,209,349,278
101253,493,204,562,321
101254,292,166,364,235
101254,432,165,568,282
101255,312,163,361,224
101256,166,137,235,214
101257,271,171,340,222
101258,338,196,396,241
101259,202,134,352,278
101260,233,2,618,357
101261,485,147,539,203
101261,440,282,494,382
101262,288,186,332,214
101263,259,149,304,178
101264,253,99,534,235
101265,235,62,501,249
101266,224,158,407,365
101266,342,384,399,439
101267,294,203,335,235
101268,206,178,252,228
101268,289,184,328,218
101269,256,161,350,219
101270,254,146,368,241
101270,420,123,434,139
101271,284,181,365,284
101272,120,192,203,290
101273,204,149,309,225
101274,260,176,380,290
101275,307,229,376,298
101276,358,324,405,373
101276,410,178,446,201
101277,335,172,383,212
101278,301,163,394,247
101279,296,126,390,228
101280,262,155,368,276
101281,98,104,433,289
101281,224,42,289,99
101282,389,101,489,301
101282,271,114,313,249
101283,230,0,528,376
101284,303,226,348,255
101285,300,162,353,204
101286,232,282,308,328
101286,442,178,477,213
101286,177,237,208,281
101287,256,86,297,123
101288,290,252,369,286
101289,304,155,382,259
101290,255,39,324,80
101290,560,369,635,403
101291,270,192,385,274
101292,199,75,423,354
101293,346,119,384,189
101294,246,154,333,254
101295,273,178,318,219
101296,194,153,371,282
101297,244,201,336,246
101298,230,211,281,257
101299,284,124,387,211
101300,419,192,549,308
101301,91,135,460,332
101302,120,125,274,246
101303,287,265,396,340
101304,194,174,398,294
101305,232,115,414,227
101305,481,254,504,291
101306,282,174,407,310
101306,427,150,475,175
101307,297,226,459,364
101308,228,258,416,307
101309,299,177,365,254
101310,227,189,313,300
101311,317,232,349,258
101312,242,53,339,382
101313,161,208,351,412
101313,206,129,294,190
101314,329,192,441,266
101315,307,165,416,251
101316,332,234,406,287
101317,265,121,396,251
101318,184,110,280,202
101319,360,78,407,114
101319,152,257,226,346
101319,442,111,494,170
101320,265,138,376,203
101321,89,40,520,318
101322,64,20,413,358
101323,200,121,298,222
101324,208,152,374,284
101325,205,88,427,349
101326,421,45,472,97
101327,380,137,482,210
101327,471,358,549,418
101328,285,222,372,274
101329,161,7,390,314
101329,395,77,517,180
101330,121,0,388,301
101331,154,1,382,288
101332,263,271,354,332
101333,211,174,352,319
101334,153,151,444,318
101335,150,127,582,355
101336,325,176,380,263
101337,282,113,320,225
101338,357,121,635,315
101339,317,67,386,144
101340,431,226,453,248
101340,322,224,389,290
101341,295,198,330,238
101342,318,241,403,310
101343,271,141,435,301
101344,266,206,428,317
101345,247,290,376,329
101346,239,204,291,279
101347,464,70,546,162
101347,368,51,450,181
101347,269,90,347,179
101348,106,136,255,336
101348,324,20,565,241
101349,282,227,328,273
101350,153,56,240,257
101350,323,54,411,218
101351,177,188,223,229
101351,481,115,552,216
101352,244,136,316,204
101352,448,208,466,229
101353,150,271,194,326
101354,351,155,445,247
101355,266,184,373,292
101356,252,0,361,84
101356,378,226,421,291
101357,143,159,184,214
101357,485,288,515,317
101358,100,124,301,233
101358,325,149,558,211
101359,285,137,418,255
101360,243,80,458,331
101361,141,154,246,331
101361,354,94,488,287
101362,374,44,406,78
101363,235,171,352,306
101364,274,157,338,260
101365,545,53,620,246
101365,163,105,286,289
101366,478,215,534,257
101366,258,189,309,233
101366,350,262,369,280
101367,293,92,393,154
101368,219,121,361,274
101369,219,216,334,271
101370,451,159,532,240
101370,168,277,213,324
101371,301,214,355,272
101371,182,32,308,112
101372,286,197,320,254
101373,208,227,362,306
101373,184,28,296,160
101374,211,196,426,383
101375,219,174,356,246
101376,135,245,193,301
101376,454,60,538,186
101377,291,123,473,271
101378,354,249,413,295
101378,76,80,175,254
101379,271,194,349,271
101380,501,213,563,319
101380,280,13,447,78
101381,448,224,472,273
101381,209,72,303,184
101382,275,112,463,334
101383,180,201,286,285
101384,237,198,293,238
101385,261,166,372,262
101386,277,146,356,286
101387,256,144,350,252
101388,236,168,259,201
101388,498,308,524,329
101389,253,119,294,158
101390,142,120,249,230
101391,254,122,379,228
101392,251,295,289,340
101392,366,174,404,202
101393,278,137,398,297
101393,278,86,333,130
101394,305,129,347,209
101395,289,213,314,249
101396,323,137,386,187
101397,262,119,416,260
101398,315,142,414,260
101399,276,137,317,174
101400,304,170,334,200
101401,307,193,354,231
101402,248,180,318,248
101403,292,250,344,285
101404,238,137,311,193
101405,192,141,544,287
101406,275,147,366,238
101407,12,211,355,315
101408,183,84,365,304
101409,251,81,405,301
101410,264,92,353,195
101411,319,105,406,182
101412,124,128,235,282
101413,274,114,331,198
101414,211,222,375,318
101415,211,141,260,187
101416,156,118,318,234
101417,263,53,384,266
101418,299,89,370,205
101418,303,420,350,449
101419,248,25,317,137
101420,332,124,370,172
101421,253,98,398,249
101422,256,195,300,241
101423,324,164,354,191
101424,423,136,470,217
101424,262,198,289,283
101424,286,23,327,129
101425,307,156,432,232
101426,260,197,298,246
101427,9,101,527,367
101428,328,218,432,287
101429,155,146,342,253
101429,377,68,424,105
101430,312,194,376,266
101431,251,196,312,258
101432,210,116,410,338
101433,193,160,282,235
101434,366,175,469,282
101435,231,178,339,287
101436,246,68,414,208
101437,234,86,384,237
101438,248,135,335,207
101438,437,297,492,327
101439,393,225,481,261
101439,292,92,390,214
101440,355,124,461,215
101441,381,183,456,230
101442,226,141,382,262
101443,355,121,462,286
101444,232,86,432,260
101445,281,175,377,287
101445,53,267,83,309
101446,199,98,365,192
101446,355,326,397,376
101447,368,311,390,332
101447,325,49,383,99
101448,310,173,345,216
101449,248,156,293,192
101449,440,189,461,206
101450,230,220,274,253
101451,318,136,382,183
101452,272,62,388,168
101452,47,300,80,328
101453,177,107,344,301
101454,273,203,381,321
101454,380,80,463,200
101455,241,134,292,176
101455,265,277,324,310
101456,299,155,391,226
101457,297,136,355,237
101458,188,18,514,369
101459,256,156,423,253
101460,416,231,449,265
101460,21,174,57,229
101460,74,166,102,195
101461,210,132,374,292
101461,373,380,419,430
101462,242,20,365,170
101463,156,110,416,321
101464,226,192,432,348
101465,405,241,448,269
101465,262,119,372,198
101466,282,187,322,229
101467,202,46,388,168
101468,194,2,353,206
101469,160,214,267,327
101470,294,168,346,224
101470,385,120,432,175
101470,210,204,272,262
101471,289,198,396,241
101472,187,22,552,294
101473,377,145,427,206
101474,177,100,415,314
101475,287,225,306,249
101475,321,154,351,191
101476,335,171,440,250
101477,260,126,408,252
101478,284,192,339,234
101479,284,97,352,145
101480,264,184,333,252
101481,181,152,386,249
101482,300,208,332,246
101483,156,69,246,315
101483,295,0,522,386
101484,319,10,580,174
101485,239,154,407,334
101486,428,226,489,290
101486,233,159,346,216
101487,208,166,289,265
101488,169,102,324,215
101489,308,108,514,199
101490,248,35,283,70
101491,209,130,355,307
101492,323,408,374,442
101493,279,201,303,223
101494,272,219,321,290
101495,244,184,334,263
101496,296,228,328,251
101497,289,82,321,118
101497,352,25,449,131
101498,331,116,411,225
101499,230,136,328,255
101500,328,155,371,211
101501,202,173,344,290
101502,302,141,446,213
101502,412,336,443,387
101503,187,73,324,215
101504,363,191,409,246
101505,304,241,340,282
101506,237,182,271,215
101507,205,249,352,342
101508,406,29,464,122
101508,257,95,349,154
101509,352,141,448,235
101510,111,62,319,297
101511,164,151,338,388
101511,444,103,636,290
101512,307,51,394,156
101513,257,97,466,322
101514,273,0,351,302
101515,250,25,503,189
101516,295,182,325,227
101516,363,111,432,183
101517,259,120,368,239
101517,523,213,574,260
101518,244,56,448,267
101519,235,185,369,340
101520,263,151,374,284
101521,292,101,441,223
101521,77,86,282,284
101522,142,85,366,262
101523,230,174,422,360
101523,269,114,293,138
101524,238,177,318,260
101525,283,201,321,234
101525,458,110,501,138
101526,270,266,336,364
101526,250,401,309,473
101527,264,153,298,191
101527,301,28,342,69
101528,259,161,378,303
101529,102,161,521,372
101530,275,193,325,230
101531,242,310,404,351
101531,288,192,359,273
101532,284,172,382,291
101532,144,185,207,250
101533,138,62,326,336
101533,349,115,432,173
101533,407,263,445,310
101534,371,369,458,443
101534,242,167,370,263
101535,392,71,513,216
101536,216,78,276,178
101536,292,116,364,181
101537,229,158,341,289
101538,196,24,434,211
101539,362,162,548,348
101539,178,156,293,284
101540,232,89,336,176
101541,267,149,319,211
101542,219,225,349,362
101543,260,155,379,247
101544,185,66,366,246
101545,255,132,292,200
101546,286,209,339,252
101547,170,68,465,343
101548,220,74,472,223
101549,373,177,426,225
101549,192,172,227,207
101549,248,183,273,224
101550,326,89,383,131
101551,344,166,394,205
101552,222,164,391,278
101553,323,157,407,249
101554,80,2,157,52
101554,211,197,442,324
101555,344,178,400,218
101556,293,132,464,200
101557,241,129,384,281
101557,508,148,607,215
101558,277,115,366,187
101559,199,229,242,263
101559,315,243,336,273
101560,266,287,335,334
101561,210,162,317,319
101561,425,149,545,260
101562,278,210,344,292
101563,260,188,378,251
101564,440,257,495,306
101565,180,204,264,279
101566,268,250,372,355
101567,265,170,373,276
101568,331,159,403,225
101569,248,111,427,328
101570,257,215,327,269
101571,309,170,391,230
101572,337,244,410,301
101573,353,213,377,236
101574,215,103,459,268
101575,263,173,341,262
101576,282,115,352,182
101577,332,181,385,231
101577,247,228,285,269
101578,209,51,354,212
101578,70,72,191,178
101579,45,141,71,167
101579,364,82,469,202
101580,272,189,398,318
101581,299,87,388,197
101582,300,126,422,240
101582,203,312,260,415
101583,158,168,340,345
101584,329,228,373,265
101585,261,129,322,189
101586,290,90,375,198
101587,248,219,323,301
101588,288,119,366,178
101589,261,179,337,251
101590,317,143,373,185
101591,410,305,461,335
101592,433,236,477,287
101593,395,147,428,198
101594,399,198,461,257
101595,320,213,358,246
101596,266,246,296,284
101597,288,65,437,240
101598,353,226,395,272
101598,468,217,511,255
101599,373,56,480,300
101600,266,141,357,260
101601,329,102,407,193
101602,341,129,451,262
101603,224,202,381,304
101604,251,150,381,211
101605,324,241,408,358
101606,297,211,343,249
101607,259,254,355,323
101608,332,67,507,323
101608,178,86,259,178
101609,275,186,396,261
101610,126,0,451,285
101611,145,40,400,372
101612,276,265,325,306
101612,249,365,278,385
101613,289,219,372,303
101614,198,106,333,200
101615,280,411,351,441
101615,285,273,336,316
101616,298,151,348,206
101617,314,211,415,304
101618,88,204,200,348
101619,391,172,449,283
101619,177,97,345,246
101620,243,188,371,317
101620,414,257,473,286
101621,300,156,362,228
101622,282,252,354,295
101623,266,140,391,263
101623,101,180,221,268
101624,186,141,338,255
101625,225,281,275,321
101625,169,192,200,222
101625,563,220,584,242
101625,481,250,505,267
101626,240,192,408,313
101627,222,267,259,308
101628,310,227,368,273
101629,279,176,489,241
101629,83,174,159,228
101630,214,163,333,299
101631,212,141,287,213
101632,225,185,353,305
101633,249,200,349,291
101633,267,96,321,161
101634,179,147,309,255
101634,386,121,471,194
101635,314,119,420,221
101636,301,111,422,252
101637,325,200,387,259
101638,277,54,436,260
101639,226,134,394,243
101640,298,200,336,234
101641,288,127,418,331
101642,230,204,263,234
101643,321,201,402,278
101644,160,33,271,138
101644,186,327,229,357
101644,384,140,440,193
101645,378,143,427,204
101645,312,109,339,220
101645,133,209,191,270
101645,323,280,351,364
101645,457,189,471,208
101646,317,185,394,244
101647,303,182,386,248
101648,67,138,505,330
101649,242,80,384,197
101649,127,0,280,77
101650,219,224,274,260
101651,243,192,365,248
101651,99,189,135,233
101652,110,34,564,310
101653,358,184,444,239
101654,300,221,328,251
101655,334,190,351,221
101655,226,200,246,239
101656,258,153,274,172
101657,243,131,546,367
101658,373,188,433,260
101659,264,139,328,238
101660,227,171,268,203
101661,256,258,301,293
101662,224,205,290,275
101663,331,158,395,220
101664,325,239,363,281
101665,322,161,377,226
101666,256,101,431,263
101667,338,152,401,210
101668,214,138,361,267
101669,328,211,388,275
101670,326,127,374,166
101671,209,178,393,274
101672,211,101,328,204
101673,146,200,317,351
101673,75,365,266,480
101674,322,138,398,230
101675,249,142,309,193
101676,375,153,473,297
101677,247,199,390,255
101678,252,142,303,220
101679,246,162,322,214
101680,217,151,402,319
101681,267,385,290,442
101681,111,196,153,248
101681,403,165,488,246
101681,495,168,593,301
101682,344,151,537,346
101683,291,177,499,271
101683,315,14,521,101
101684,290,188,409,306
101684,447,260,498,339
101685,182,156,316,260
101686,277,197,315,270
101687,273,145,319,200
101688,115,113,263,275
101689,294,134,362,209
101690,294,124,392,216
101691,223,229,273,321
101691,390,133,457,193
101692,286,136,385,199
101692,175,171,249,220
101693,266,162,302,201
101694,241,75,400,281
101694,40,184,73,214
101695,257,145,382,298
101696,272,219,305,260
101697,241,179,383,274
101698,284,213,370,398
101699,302,208,362,289
101700,229,95,362,278
101701,60,79,515,337
101702,304,148,400,248
101703,288,181,358,214
101704,374,210,396,252
101705,178,219,238,280
101706,264,225,347,302
101707,293,86,383,202
101708,175,71,265,215
101709,26,41,640,288
101710,146,95,337,368
101711,187,200,379,372
101712,279,246,314,287
101713,246,116,324,162
101714,182,142,374,338
101715,152,169,208,211
101716,272,155,312,193
101717,370,126,472,244
101718,350,53,464,211
101718,230,138,255,175
101719,226,144,384,185
101720,212,135,225,156
101720,339,120,373,157
101721,325,211,504,327
101722,200,271,319,428
101722,249,119,344,189
101723,275,75,473,314
101723,313,412,458,480
101723,126,54,170,104
101724,284,159,390,250
101724,451,102,542,180
101725,305,248,345,300
101725,149,119,181,193
101725,348,144,376,214
101726,237,158,408,320
101727,240,261,311,317
101727,224,109,384,205
101728,263,151,484,319
101729,224,173,381,315
101730,320,160,520,341
101731,274,227,355,275
101732,229,116,288,184
101733,216,110,269,171
101734,226,180,376,291
101735,183,79,369,213
101736,325,233,414,317
101737,351,200,388,246
101738,241,183,376,294
101739,267,174,511,287
101740,182,193,441,378
101741,316,147,406,273
101742,240,161,416,265
101743,158,198,426,301
101744,305,176,453,229
101744,245,25,411,98
101745,106,188,239,313
101745,305,6,631,184
101746,164,249,245,287
101746,258,220,334,265
101747,242,176,334,239
101748,175,235,216,275
101748,411,162,441,202
101749,138,94,383,362
101750,338,71,400,106
101750,190,118,408,271
101751,220,121,296,184
101751,421,116,474,168
101751,316,198,355,230
101752,232,233,274,265
101752,339,134,407,209
101753,273,81,368,287
101754,439,204,494,319
101754,211,91,365,159
101755,199,235,250,290
101756,300,218,320,246
101757,329,241,387,282
101758,358,112,438,215
101759,302,164,374,241
101760,261,173,350,267
101761,197,154,288,230
101762,288,229,348,276
101763,226,132,302,210
101764,215,142,315,255
101765,265,170,339,244
101766,455,56,537,159
101766,168,75,301,178
101766,257,233,404,314
101767,350,193,554,287
101767,527,49,612,146
101768,259,103,324,165
101769,174,86,290,208
101770,266,211,340,279
101771,284,132,328,233
101772,121,126,201,194
101773,244,96,333,206
101774,319,158,424,215
101774,379,24,427,62
101775,246,215,276,244
101776,308,157,368,211
101777,73,67,420,253
101778,208,126,502,294
101779,220,179,413,321
101780,314,189,384,268
101781,301,108,455,244
101782,304,91,409,227
101783,227,137,319,202
101784,274,209,319,255
101785,262,191,305,239
101786,287,176,324,215
101787,323,179,425,235
101787,56,143,146,245
101788,246,176,339,249
101789,236,142,311,198
101790,249,151,284,222
101791,328,235,364,290
101792,173,61,262,131
101792,293,7,399,94
101793,269,176,381,314
101794,272,165,401,275
101795,240,164,272,194
101796,324,154,355,226
101797,137,274,194,299
101797,173,156,471,257
101798,362,73,409,112
101799,285,145,316,198
101800,322,111,515,322
101800,182,315,252,368
101801,257,192,288,233
101801,282,409,419,480
101801,128,380,212,447
101802,336,259,429,313
101803,350,175,389,246
101803,425,87,462,116
101804,156,152,209,207
101805,289,99,365,176
101806,289,211,357,313
101807,292,220,350,276
101808,345,190,411,252
101809,276,120,391,228
101810,286,192,378,298
101811,192,101,212,116
101812,211,126,283,255
101812,393,194,466,270
101813,369,185,418,225
101814,327,170,537,262
101815,313,184,362,235
101816,332,143,431,235
101817,277,208,339,252
101818,204,114,436,290
101818,132,393,184,439
101819,260,125,326,172
101819,390,312,436,385
101820,317,102,455,250
101821,261,164,330,295
101822,256,150,473,279
101823,374,176,426,243
101824,316,132,387,181
101825,305,218,396,285
101826,296,247,318,273
101827,324,126,482,336
101828,83,172,173,247
101828,464,163,575,283
101829,203,154,397,279
101830,360,68,490,321
101831,340,217,386,294
101832,267,238,341,282
101833,276,119,405,287
101834,279,86,448,265
101835,251,115,433,322
101836,283,211,342,268
101837,56,154,374,309
101838,279,184,345,276
101838,202,92,275,217
101839,384,128,451,244
101839,158,284,210,339
101840,294,241,359,281
101841,300,89,522,276
101842,207,161,302,220
101843,246,141,368,219
101844,180,141,380,290
101845,334,249,378,287
101845,111,248,163,300
101846,252,117,408,254
101847,308,104,356,186
101848,205,84,340,186
101849,232,114,425,353
101849,184,252,204,274
101850,265,163,355,260
101851,184,168,306,314
101851,346,140,398,217
101852,189,232,321,377
101853,245,177,349,284
101854,329,156,372,183
101854,203,141,319,259
101855,247,171,368,331
101856,304,187,396,290
101856,408,201,448,232
101857,174,115,192,142
101857,209,182,261,221
101858,222,0,376,205
101858,422,125,445,207
101858,368,212,457,303
101859,203,91,343,224
101860,283,102,392,204
101861,304,174,344,237
101862,264,205,369,281
101863,278,116,324,186
101864,291,206,378,270
101865,142,145,436,317
101866,340,140,459,280
101866,394,62,464,97
101867,336,184,382,257
101867,224,196,300,260
101868,224,175,450,337
101869,278,169,336,206
101869,254,287,296,318
101870,325,182,393,253
101871,226,115,399,241
101872,252,170,340,279
101873,263,148,321,246
101874,299,164,376,208
101874,197,348,348,398
101875,224,116,330,203
101876,224,118,411,304
101877,279,150,367,193
101877,328,80,387,131
101878,214,172,466,368
101879,245,150,276,190
101880,192,160,263,214
101880,433,221,542,287
101881,287,126,344,273
101882,285,188,324,214
101883,282,158,479,276
101883,492,189,610,292
101884,271,154,345,273
101885,213,207,316,283
101886,313,156,375,212
101886,163,209,223,289
101887,294,222,389,276
101888,280,128,321,193
101889,98,148,366,382
101890,322,161,378,225
101890,469,196,487,230
101891,300,217,349,265
101891,175,181,202,204
101892,216,105,443,329
101893,269,308,301,341
101893,192,322,219,350
101894,295,211,336,273
101895,301,97,386,335
101896,241,214,267,255
101896,402,229,428,253
101897,263,169,328,225
101898,231,199,382,261
101899,264,198,368,281
101900,414,225,457,283
101900,175,236,253,321
101901,300,147,453,278
101902,175,204,238,242
101902,324,259,358,356
101903,316,211,389,265
101903,327,169,403,207
101904,254,196,346,264
101905,237,173,370,272
101905,247,39,337,112
101906,186,286,227,354
101906,276,153,316,196
101907,177,197,228,242
101907,544,184,598,219
101908,305,189,375,249
101909,271,217,463,290
101910,275,159,323,202
101911,308,162,364,222
101912,259,158,344,258
101912,306,71,356,154
101913,227,187,450,281
101914,306,248,376,303
101914,215,230,289,288
101915,148,154,313,244
101915,299,294,334,310
101916,306,206,388,265
101917,329,182,485,284
101918,499,109,541,161
101918,109,328,154,354
101919,317,196,369,244
101920,297,88,539,324
101920,42,73,184,218
101921,351,29,409,79
101921,185,129,429,318
101922,195,206,240,259
101923,192,213,328,306
101924,388,269,447,316
101924,342,429,398,460
101924,311,179,344,216
101925,351,260,399,302
101925,285,281,332,313
101925,311,202,341,248
101926,155,253,292,375
101926,278,113,298,130
101927,253,156,437,286
101928,306,252,369,308
101929,212,130,396,310
101930,289,206,326,267
101931,199,172,390,276
101932,173,355,245,404
101933,266,131,290,152
101933,450,97,465,109
101934,271,222,323,294
101935,297,228,325,249
101936,288,81,322,118
101936,382,78,464,162
101937,309,149,334,189
101938,366,180,399,209
101939,227,140,327,249
101940,328,159,371,214
101941,301,146,447,214
101941,415,341,440,388
101942,265,175,366,314
101942,305,4,398,166
101943,307,162,435,276
101944,289,124,352,203
101945,259,225,332,314
101946,138,247,473,460
101947,362,80,475,198
101947,104,187,146,223
101948,281,233,344,274
101949,265,176,377,300
101950,288,132,365,352
101951,246,234,321,334
101952,359,180,397,239
101952,152,124,200,156
101953,229,140,338,352
101954,255,105,371,294
101955,272,163,368,265
101956,99,158,472,349
101957,225,162,410,308
101958,117,164,309,313
101959,262,169,381,259
101960,394,181,454,234
101960,182,206,290,263
101961,111,447,152,470
101962,222,172,333,268
101963,292,165,375,258
101964,270,152,358,228
101965,216,167,345,269
101966,236,81,365,222
101967,231,167,362,286
101968,214,244,314,334
101968,226,105,339,199
101969,316,149,388,234
101970,284,113,386,176
101971,541,211,588,267
101971,301,111,455,206
101972,344,182,418,270
101973,306,220,396,323
101974,164,104,376,335
101975,316,191,397,289
101976,291,179,478,341
101977,370,207,425,302
101978,238,194,350,328
101979,466,279,503,311
101979,358,91,464,307
101980,306,247,376,352
101981,306,201,401,284
101982,304,181,360,232
101982,235,57,319,96
101983,198,164,321,226
101983,345,223,431,263
101984,238,153,377,254
101985,282,132,391,236
101986,265,169,316,225
101986,199,101,231,131
101987,276,184,317,228
101988,307,156,381,228
101989,253,137,376,226
101990,51,96,413,332
101991,274,89,410,185
101992,215,87,348,233
101993,202,114,360,225
101994,359,180,432,265
101995,156,33,514,178
101996,261,162,347,241
101996,330,111,362,148
101997,406,185,488,230
101998,234,153,403,208
101998,102,213,208,289
101999,240,129,286,198
102000,196,137,279,217
